Ticker,Premkt %,Premkt Vol,Ext RVol,Daily %,Industry,Mkt Cap,Float,Short Interest,Category,Grade,Direction,Reasoning,AnalysisDetails
OPCH,32.81985451433461,11613988,24.578542520877846,33.01240907145913,Medical/Nursing Services,4656074595.344244,147706224,11.26,Others,C,neutral,לא התקבל ניתוח מהמודל.,"{""Impact"": """", ""Explosiveness"": """", ""DataQuality"": """"}"
PRME,12.46105919003115,399167,2.3978800162232625,7.9439252336448565,Biotechnology,628470833.2850467,112248724,22.65,Others,C,neutral,לא התקבל ניתוח מהמודל.,"{""Impact"": """", ""Explosiveness"": """", ""DataQuality"": """"}"
BRUN,8.928820655966508,510254,2.024069844948577,8.65317515701326,Packaged Software,1305468828.496162,29185404,N/A,Others,C,neutral,לא התקבל ניתוח מהמודל.,"{""Impact"": """", ""Explosiveness"": """", ""DataQuality"": """"}"
CEG,8.523279276586205,579090,2.8344958576608197,14.774680517151193,Electric Utilities,108829050719.70033,353148794,3.7,Others,C,neutral,לא התקבל ניתוח מהמודל.,"{""Impact"": """", ""Explosiveness"": """", ""DataQuality"": """"}"
XNDU,6.194690265486732,1379375,1.2451745593225365,15.81858407079648,Computer Processing Hardware,1603411723.4502213,24141433,22.1,Others,C,neutral,לא התקבל ניתוח מהמודל.,"{""Impact"": """", ""Explosiveness"": """", ""DataQuality"": """"}"
CLF,5.901639344262301,261961,0.3863067682064134,1.1065573770491932,Steel,7037611272.072132,564435268,14.21,Others,C,neutral,לא התקבל ניתוח מהמודל.,"{""Impact"": """", ""Explosiveness"": """", ""DataQuality"": """"}"
LW,5.90083015481266,390998,1.4488995457518838,11.442674444693743,Food: Specialty/Candy,6828682120.307606,136108951,5.53,Others,C,neutral,לא התקבל ניתוח מהמודל.,"{""Impact"": """", ""Explosiveness"": """", ""DataQuality"": """"}"
CTVA,5.649717514124288,656032,0.6438634617627047,12.79257465698143,Agricultural Commodities/Milling,9325517587.978209,N/A,3.53,Others,C,neutral,לא התקבל ניתוח מהמודל.,"{""Impact"": """", ""Explosiveness"": """", ""DataQuality"": """"}"
PL,5.41474654377881,417413,0.789120136294042,5.3991935483871,Packaged Software,6657435933.458589,302172116,9.68,Others,C,neutral,לא התקבל ניתוח מהמודל.,"{""Impact"": """", ""Explosiveness"": """", ""DataQuality"": """"}"
RZLV,5.381165919282516,1917854,1.2309188690267978,-2.24663677130045,Packaged Software,908732515.11,260363805,15.04,Others,C,neutral,לא התקבל ניתוח מהמודל.,"{""Impact"": """", ""Explosiveness"": """", ""DataQuality"": """"}"
VST,4.907170957277945,506419,1.9707925243438604,11.995306784457192,Electric Utilities,54463522517.49811,312946256,3.35,Others,C,neutral,לא התקבל ניתוח מהמודל.,"{""Impact"": """", ""Explosiveness"": """", ""DataQuality"": """"}"
PACB,4.878048780487793,614794,1.462439824837144,-6.794425087108023,Medical Specialties,831472222.2299651,304011132,18.08,Others,C,neutral,לא התקבל ניתוח מהמודל.,"{""Impact"": """", ""Explosiveness"": """", ""DataQuality"": """"}"
ZS,4.380574826560939,121302,0.9334902676675193,2.9311199207135736,Packaged Software,33868908095.394,106458412,6.1,Others,C,neutral,לא התקבל ניתוח מהמודל.,"{""Impact"": """", ""Explosiveness"": """", ""DataQuality"": """"}"
SMR,3.9062500000000098,1123551,0.926538613564515,6.835937500000005,Electrical Products,3525879404.0683594,403544225,20.64,Others,C,neutral,לא התקבל ניתוח מהמודל.,"{""Impact"": """", ""Explosiveness"": """", ""DataQuality"": """"}"
XP,3.836589698046188,152470,0.9315023691528028,4.618117229129665,Investment Banks/Brokers,15226107167.571938,403301878,4.4,Others,C,neutral,לא התקבל ניתוח מהמודל.,"{""Impact"": """", ""Explosiveness"": """", ""DataQuality"": """"}"
SHOP,3.834863531322207,232309,0.5377776525334331,2.6794079070638883,Miscellaneous Commercial Services,211524276763.78317,1205894159,1.36,Others,C,neutral,לא התקבל ניתוח מהמודל.,"{""Impact"": """", ""Explosiveness"": """", ""DataQuality"": """"}"
OKLO,3.7809285515707516,419391,1.3143816691904422,7.909368918543228,Industrial Machinery,7220275501.819711,149610276,20.52,Others,C,neutral,לא התקבל ניתוח מהמודל.,"{""Impact"": """", ""Explosiveness"": """", ""DataQuality"": """"}"
AAOI,3.504153985358234,406025,1.0640519609474302,7.193386526281159,Semiconductors,11064562911.97302,80597020,15.02,Others,C,neutral,לא התקבל ניתוח מהמודל.,"{""Impact"": """", ""Explosiveness"": """", ""DataQuality"": """"}"
DGII,3.25912017167381,271740,1.1979506189183822,-0.9254291845493531,Telecommunications Equipment,2803227540.979212,36966026,6.19,Others,C,neutral,לא התקבל ניתוח מהמודל.,"{""Impact"": """", ""Explosiveness"": """", ""DataQuality"": """"}"
ASTS,2.806297056810405,450131,1.1621537990258708,6.741273100616027,Specialty Telecommunications,24276112140.811356,266491707,21.84,Others,C,neutral,לא התקבל ניתוח מהמודל.,"{""Impact"": """", ""Explosiveness"": """", ""DataQuality"": """"}"
BE,2.7873713587999336,257442,0.4785649542082721,3.732775161346606,Electronic Production Equipment,87577703799.01204,289305376,7.34,Others,C,neutral,לא התקבל ניתוח מהמודל.,"{""Impact"": """", ""Explosiveness"": """", ""DataQuality"": """"}"
JBLU,2.709359605911338,825062,0.6974189687979929,1.3546798029556801,Airlines,1552639659.4174879,337913243,29.49,Others,C,neutral,לא התקבל ניתוח מהמודל.,"{""Impact"": """", ""Explosiveness"": """", ""DataQuality"": """"}"
XE,2.7064538514920233,130083,1.1026131908050747,10.270645385149205,Industrial Machinery,6457157001.496183,174671425,10.33,Others,C,neutral,לא התקבל ניתוח מהמודל.,"{""Impact"": """", ""Explosiveness"": """", ""DataQuality"": """"}"
TE,2.7027027027026933,434390,0.5354151138842993,5.810810810810807,Electrical Products,1152875637.1702704,193513118,29.64,Others,C,neutral,לא התקבל ניתוח מהמודל.,"{""Impact"": """", ""Explosiveness"": """", ""DataQuality"": """"}"
BORR,2.65060240963854,214850,0.7864772120781475,1.807228915662633,Contract Drilling,1303466425.253012,234494364,12.39,Others,C,neutral,לא התקבל ניתוח מהמודל.,"{""Impact"": """", ""Explosiveness"": """", ""DataQuality"": """"}"
AMD,2.5801345468935426,447846,0.8401649117468183,3.64305500593589,Semiconductors,1068887477389.095,1623529079,2.46,Others,C,neutral,לא התקבל ניתוח מהמודל.,"{""Impact"": """", ""Explosiveness"": """", ""DataQuality"": """"}"
APLD,2.3481781376518294,1069755,0.7938228940147868,1.6801619433198345,Data Processing Services,7511755092.381984,250678010,20.92,Others,C,neutral,לא התקבל ניתוח מהמודל.,"{""Impact"": """", ""Explosiveness"": """", ""DataQuality"": """"}"
HPE,2.2966647162083196,105813,0.4015501127681397,3.766822703335288,Computer Processing Hardware,94163710872.83559,1321438089,4.8,Others,C,neutral,לא התקבל ניתוח מהמודל.,"{""Impact"": """", ""Explosiveness"": """", ""DataQuality"": """"}"
RKLB,2.191180498493575,802713,0.849242111223103,1.6981648863325243,Aerospace & Defense,44441621058.39058,556860860,7.31,Others,C,neutral,לא התקבל ניתוח מהמודל.,"{""Impact"": """", ""Explosiveness"": """", ""DataQuality"": """"}"
SLDP,2.1739130434782727,201224,0.5264272864645039,1.9565217391304512,Electrical Products,535084934.3913045,207998584,12.34,Others,C,neutral,לא התקבל ניתוח מהמודל.,"{""Impact"": """", ""Explosiveness"": """", ""DataQuality"": """"}"
